nl_rhasspy_701_1602007090|We zijn in een coalitie en we moeten elkaar kunnen verstaan.
nl_rhasspy_525_1602084577|Uniek met eigen foto of tekst.
nl_rhasspy_390_1602255569|Ook deze dakbedekking is erg duurzaam.
nl_rhasspy_475_1602170450|Els is echt een sociaal mens.
nl_rhasspy_198_1602333806|De data vul je zelf in.
nl_rhasspy_316_1602256556|Je loopt op de wc af.
nl_rhasspy_809_1601901887|Het is en blijft maatschappelijk eigendom.
nl_rhasspy_305_1602309466|Je kunt bijvoorbeeld prachtig wandelen in Zwitserland of Oostenrijk.
nl_rhasspy_151_1602335465|We zouden minder moeten betalen en dat zou aangepast worden.
nl_rhasspy_1095_1601731728|Zij zijn van mening dat er hier discriminatie in het spel is.
nl_rhasspy_1034_1601732834|Maar ze is ook journaliste.
nl_rhasspy_746_1601902773|Hij neemt er een paar uit het zakje en eet ze op.
nl_rhasspy_298_1602309572|Je zoekt een toffe job?
nl_rhasspy_868_1601891076|Dus hoort hij ook hier.
nl_rhasspy_603_1602083504|In veel gevallen handelen wij automatisch.
nl_rhasspy_796_1601902071|Die boeken zijn terecht gekomen bij Willem Tempel die daar nog wel wat in zag.
nl_rhasspy_186_1602333982|Maar wie eet er pindakaas op straat?
nl_rhasspy_773_1601902404|Dus ook voor wie een beperking heeft.
nl_rhasspy_100_1602426809|Voor, tijdens en na een aankoop.
nl_rhasspy_1157_1601730344|Wellicht komen we het nooit te weten maar bijzonder blijft het wel.
nl_rhasspy_632_1602008102|Of de printer ook naar Europa komt, is nog niet bekend.
nl_rhasspy_696_1602007155|Aanmelden om dit te volgen.
nl_rhasspy_1007_1601817727|Dit is er weer zo één zonder fietsverlichting.
nl_rhasspy_679_1602007366|Uw Europa heeft het antwoord!
nl_rhasspy_167_1602334283|Ben je man, vrouw, oud, jong?
nl_rhasspy_1109_1601731439|Ze droeg het zo goed.
nl_rhasspy_1062_1601732318|Om heel voorzichtig, en met liefde en respect uit te pakken.
nl_rhasspy_583_1602083777|U bent niet in vorm.
nl_rhasspy_496_1602170169|Het laat zich goed buigen.
nl_rhasspy_545_1602084306|De Finse wegen lopen meestal door de bossen.
nl_rhasspy_864_1601891137|Je bent representatief en commercieel ingesteld.
nl_rhasspy_526_1602084551|Het politiedossier geeft geen eenduidig antwoord.
nl_rhasspy_1138_1601730733|Ja, je leest het goed, een grizzlybeer!
nl_rhasspy_937_1601819091|Die zit er namelijk meteen bij!
nl_rhasspy_784_1601902256|Nee, ook dat gebeurde niet.
nl_rhasspy_385_1602255629|En dit is eigenlijk alleen een mooi fietspad.
nl_rhasspy_852_1601891305|En met wie en hoe?
nl_rhasspy_432_1602171105|Je kunt hier voor een aanvaardbare prijs eten.
nl_rhasspy_795_1601902099|Wie heeft iets gehoord of gezien die nacht?
nl_rhasspy_433_1602171092|De uitslag van deze stemming was duidelijk.
nl_rhasspy_196_1602333833|Differentiëren komt ook aan bod.
nl_rhasspy_996_1601817889|De tint heeft geen effect op uw zicht.
nl_rhasspy_803_1601901971|Ben jij flexibel beschikbaar vanaf begin juni?
nl_rhasspy_1050_1601732518|Ik heb het Engels van de kinderen geleerd.
nl_rhasspy_180_1602334078|Geef daarbij aan op welke datum je aanwezig bent.
nl_rhasspy_871_1601891042|Er kan altijd nog meer bij.
nl_rhasspy_523_1602084608|Een week later is de bank failliet.
nl_rhasspy_560_1602084111|Met zorg voor het milieu dus.
nl_rhasspy_306_1602309347|Je vindt er veel flora en fauna.
nl_rhasspy_844_1601891427|Het gaat om een schuur die is aangebouwd.
nl_rhasspy_482_1602170305|Afspraak is afspraak en wie A zegt moet B zeggen.
nl_rhasspy_83_1602427095|Vindt u onze tractor en onze hobby ook leuk?,
nl_rhasspy_524_1602084594|En dat is mooi voor jullie, maar ook leuk voor ons.
nl_rhasspy_197_1602333817|Eeuwig leven is een eeuwige straf.
nl_rhasspy_752_1601902677|En als hij dan vraagt welke mayo, zeg ik mayonaise.
nl_rhasspy_107_1602336138|Lady Gaga weet er alles van.
nl_rhasspy_758_1601902596|De geest heeft dan altijd controle en geeft je alle bevelen om te overleven.
nl_rhasspy_711_1602006937|En in de pauze?
nl_rhasspy_1058_1601732391|Kom en stap met ons op.
nl_rhasspy_70_1602427270|Het is nu eind oktober.
nl_rhasspy_1145_1601730588|En weer trekken we het bos in.
nl_rhasspy_858_1601891212|Doe het graag zo eerlijk mogelijk.
nl_rhasspy_230_1602310727|Op wie stap je af?
nl_rhasspy_1107_1601731503|Laat de soep afkoelen.
nl_rhasspy_959_1601818551|Ik leef graag, hè, en ik moet wat te doen hebben.
nl_rhasspy_1080_1601732023|Moe geworden van het wandelen?
nl_rhasspy_439_1602171027|En dan is dé dag aangebroken!
nl_rhasspy_998_1601817859|Ik ken hem heel goed, een smeerlap is hij.
nl_rhasspy_869_1601891063|Eigendom hoort absoluut te zijn.
nl_rhasspy_874_1601890978|Wil jij graag winnen?
nl_rhasspy_463_1602170634|Je zou zeggen eerlijk is eerlijk.
nl_rhasspy_189_1602333941|Er komt een bui aan!'
nl_rhasspy_704_1602007059|Wij raden u dan ook af om met de wagen te komen!
nl_rhasspy_277_1602309936|Welk advies zou jij geven?
nl_rhasspy_1069_1601732207|Wie of wat zijn we eigenlijk?
nl_rhasspy_155_1602334410|Ik kan het alleen maar beamen.
nl_rhasspy_1103_1601731558|De basis is het document.
nl_rhasspy_1052_1601732471|Vrij sporten is ook toegestaan.
nl_rhasspy_709_1602006970|Fietsverhuur om de hoek.
nl_rhasspy_47_1602427608|Dat vond ik zo erg.
nl_rhasspy_644_1602007915|Wat zeg je nu eigenlijk?
nl_rhasspy_330_1602256377|Immers, zonder code kunt u de kist met prijs niet openen.
nl_rhasspy_515_1602169938|Welke rol speelt voeding hierin?
nl_rhasspy_620_1602083221|Ze knikken meestal altijd of zeggen ja en nee.
nl_rhasspy_436_1602171052|Ik kom er wel toe, ooit.
nl_rhasspy_522_1602084622|Alles is goed aan dit museum.
nl_rhasspy_472_1602170517|U leest er meer over op de pagina Advies.
nl_rhasspy_558_1602084148|Omdat je het alleen zijn beu bent?
nl_rhasspy_126_1602335886|Zo oud ben ik dus, ik heb al een kleinkind.
nl_rhasspy_41_1602427714|Kinderen moe, jijzelf moe, partner moe.
nl_rhasspy_394_1602255521|Hoe heeft hij eigenlijk kunnen leven?
nl_rhasspy_895_1601890713|Bent u altijd moe of voelt u zich overspannen?
nl_rhasspy_1111_1601731402|Alles wat eetbaar is, is dan te pakken.
nl_rhasspy_770_1601902429|Gemakkelijk is dat niet.
nl_rhasspy_375_1602255762|Dit laatste is eigenlijk sterk misleidend.
nl_rhasspy_1067_1601732232|Maar er stond hen een teleurstelling te wachten.
nl_rhasspy_572_1602083952|Niet handig kan ik je zeggen.
nl_rhasspy_674_1602007435|Verder zou ik zeker niet gaan eten bij Toko Oen.
nl_rhasspy_380_1602255706|Leuk voor jong en oud!
nl_rhasspy_353_1602256061|De foto's aan de muur.
nl_rhasspy_15_1602428047|Op deze overeenkomst is Nederlands recht van toepassing.
nl_rhasspy_203_1602333732|Ik open mijn ogen en zucht.
nl_rhasspy_854_1601891271|Zijn er dan toch zinnen die wel werken?
nl_rhasspy_297_1602309590|Niet dit hier hè, wat je hier leest.
nl_rhasspy_434_1602171078|Ik had toen niet graag geleefd, zegt hij eerlijk.
nl_rhasspy_144_1602335566|Je kunt er uren naar kijken.
nl_rhasspy_953_1601818633|Wij zijn heel tevreden.
nl_rhasspy_1049_1601732537|Op naar een echt sociaal en sterk Nederland!
nl_rhasspy_563_1602084074|Was het voor de herneming?
nl_rhasspy_435_1602171064|Las ik niet iets in die aard?
nl_rhasspy_66_1602427351|De hoeveelheid past zich automatisch aan.
nl_rhasspy_1156_1601730361|Wat is de configuratie?
nl_rhasspy_391_1602255557|Laat ze vervolgens helemaal afkoelen.
nl_rhasspy_963_1601818471|Nu ja, alles kan.
nl_rhasspy_7_1602428142|Dan is Radio Mexico een aanrader!
nl_rhasspy_356_1602256020|In deze opdracht maken we de volgende vereenvoudigingen.
nl_rhasspy_403_1602255369|in Dreumel waren het er erg veel.
nl_rhasspy_1081_1601732006|Laat hem vervolgens een uur afkoelen in de oven.
nl_rhasspy_127_1602335876|Ik ben het daar niet mee eens.
nl_rhasspy_119_1602335989|Een splinter is een lelijk ding.
nl_rhasspy_376_1602255749|Zij die oren hebben horen!
nl_rhasspy_780_1601902313|Inmiddels staat het sein weer op groen.
nl_rhasspy_557_1602084160|Dan maak je van je woning een kunstwerk.
nl_rhasspy_27_1602427918|Via Kirgizië kwamen wij Oezbekistan binnen.
nl_rhasspy_799_1601902026|Ze hebben hun filosofie in drie zinnen geformuleerd.
nl_rhasspy_1166_1601729946|Zover gaat de overeenkomst niet.
nl_rhasspy_762_1601902531|Ik zei dat ik zou willen zeggen goed, maar dat ik dan zou liegen.
nl_rhasspy_588_1602083713|Nu is de kerkdeur wel open.
nl_rhasspy_1020_1601817493|Meer contactinformatie.
nl_rhasspy_1018_1601817534|Bang om een blauwtje te lopen?
nl_rhasspy_912_1601890460|Dit heeft verder geen invloed op de vruchtbaarheid.
nl_rhasspy_760_1601902569|Beetje saai dus.
nl_rhasspy_489_1602170224|Welke voeding kies je wanneer?
nl_rhasspy_740_1601902857|Dit nummer gaat ook wel.
nl_rhasspy_52_1602427543|Alleen aan data heb je niets.
nl_rhasspy_48_1602427598|Je moet een beetje toon kunnen houden.
nl_rhasspy_271_1602310023|En Congo heet nog Zaïre.
nl_rhasspy_577_1602083886|Er stond een vrouw op een ladder.
nl_rhasspy_214_1602310940|Dagelijks is er kans op buien.
nl_rhasspy_929_1601890168|Oud of jong maakt trouwens niets uit.
nl_rhasspy_718_1602006825|Vaak heeft u het zelf niet in de gaten, slijtage van remmen gaat geleidelijk.
nl_rhasspy_369_1602255866|Wie ontmoet, ziet en hoort u?
nl_rhasspy_580_1602083819|Ik laat me hierin leiden door mijn nieuwsgierigheid.
nl_rhasspy_687_1602007267|Ja, en de Europa Cup.
nl_rhasspy_1079_1601732041|Rijkdom en weelde.
nl_rhasspy_372_1602255820|Hierdoor weet je niet altijd wat er aan de hand is in Europa.
nl_rhasspy_479_1602170375|Af en toe zal er ook nog een bui vallen.
nl_rhasspy_110_1602336100|Of is die cacao dan niet bio?
nl_rhasspy_490_1602170213|Vervolgens greep de politie in.
nl_rhasspy_646_1602007882|Ik sluit mij er bij aan.
nl_rhasspy_161_1602334340|Maar dat gevoel blijft tot nu toe uit.
nl_rhasspy_816_1601901763|En ik voel me er ook niet rot bij.
nl_rhasspy_1036_1601732802|Wel had de dood van vele vrienden hem hevig aangegrepen.
nl_rhasspy_118_1602336000|De schoen is geschikt voor bergwandelingen en grof terrein.
nl_rhasspy_956_1601818597|Hoe is de boterham met pindakaas?
nl_rhasspy_801_1601901997|Ze gaan er meer alcohol door drinken.
nl_rhasspy_185_1602334008|Dan ben jij dé nieuwe collega die wij zoeken!
nl_rhasspy_415_1602171346|Iedere dag buffet is ons veel te veel.
nl_rhasspy_327_1602256421|Volgens mij rook ik de wasverzachter.
nl_rhasspy_239_1602310566|Vraag dit zeker na bij je reisagent.
nl_rhasspy_966_1601818428|Je hebt mijn aandacht wederom!
nl_rhasspy_838_1601891516|Ze zijn verplicht die Europees aan te besteden.
nl_rhasspy_853_1601891286|We zien in de agenda veel aanknopingspunten waar wij graag onze bijdrage aan leveren.
nl_rhasspy_569_1602084013|Nee ze waren lekker actief.
nl_rhasspy_578_1602083870|Vind je dat geen grappig woord?
nl_rhasspy_1126_1601731001|Wat is een boek je op zeker moment waard?
nl_rhasspy_650_1602007827|Meubilair zag er oud en op uit, maar de kamer zelf was wel erg schoon.
nl_rhasspy_969_1601818383|Europa ligt in puin.
nl_rhasspy_400_1602255427|Nu is je portemonnee al bijna klaar!
nl_rhasspy_94_1602426889|Het is niet duidelijk of die oud of recent is.
nl_rhasspy_815_1601901778|Mocht je hier hulp bij willen, dan kan je altijd bij ons terecht.
nl_rhasspy_404_1602255356|Nee, nee, het ziet er echt tof uit.
nl_rhasspy_245_1602310457|Dit kind is moe, en behoorlijk moe ook.
nl_rhasspy_661_1602007656|Ik denk dat ik dit ga aanpassen.
nl_rhasspy_640_1602007959|Laat je dan niet in het ootje nemen.
nl_rhasspy_426_1602171191|Aan de ene kant is dit wel dé manier om dieren te zien.
nl_rhasspy_818_1601901736|Snel de fietsen van het dak en alle bagage uit de volgauto.
nl_rhasspy_344_1602256183|Het paneel geeft prachtig egaal licht.
nl_rhasspy_222_1602310828|U zit in een lastig parket.
nl_rhasspy_551_1602084236|Zo dacht haar grootvader er al over.
nl_rhasspy_949_1601818690|Je kiest gewoon wat bij je past.
nl_rhasspy_734_1601902940|Sterk, dat wel, maar lauw bezweet.
nl_rhasspy_927_1601890195|Ze doen yoga om slank, fit en jong te blijven.
nl_rhasspy_1112_1601731384|En of het antwoord niet bij meer Europa ligt.
nl_rhasspy_1164_1601730017|Zit daar je grootvader tussen?
nl_rhasspy_860_1601891183|Als je pc zegt dat er te weinig geheugen is dan is dat ook zo.
nl_rhasspy_543_1602084330|Mijn mening is dan ook onveranderd.
nl_rhasspy_1097_1601731679|Wauw, fantastisch weer!
nl_rhasspy_25_1602427942|De vraag stellen is ze beantwoorden.
nl_rhasspy_332_1602256355|Deze kunnen wij uit voorraad leveren.
nl_rhasspy_607_1602083419|Mijn lief en ik wonen nu een dik jaar in ons huisje in Zagreb.
nl_rhasspy_493_1602170191|Nee, zegt ze, die ken ik niet.
nl_rhasspy_124_1602335914|Ze bieden ook thee en koffie.
nl_rhasspy_741_1601902848|Hoe is het nu met jullie?
nl_rhasspy_183_1602334035|Denk er heel goed over na voor je die eerste kras maakt.
nl_rhasspy_594_1602083625|Toch is de controle aangekondigd.
nl_rhasspy_673_1602007460|Dan kun je dit aangeven bij je visagist.
nl_rhasspy_601_1602083527|Ze af en toe corrigeren, kan ook geen kwaad.
nl_rhasspy_676_1602007403|Mijn collega zei: het voelt niet lekker.
nl_rhasspy_1101_1601731606|Van de blauwe stof maakte ik een jurk.
nl_rhasspy_398_1602255452|Café Sjiek biedt je veel meer.
nl_rhasspy_654_1602007771|Je voelt je hier geen nummer.
nl_rhasspy_272_1602310009|Dus nee, ook dat werkt niet.
nl_rhasspy_950_1601818680|Alles nu al besloten?
nl_rhasspy_713_1602006906|Het zag er helemaal gaaf uit.
nl_rhasspy_257_1602310250|Dit was er zo een uit Taiwan.
nl_rhasspy_280_1602309885|Ze zijn buiten de boot gevallen.
nl_rhasspy_550_1602084247|Maar hoe begin je er aan?
nl_rhasspy_727_1602006698|Hoe anders was het vroeger.
nl_rhasspy_219_1602310866|Zou u die aan mij willen mailen?
nl_rhasspy_1012_1601817636|Of verdwalen we in de configuratie?
nl_rhasspy_623_1602083164|Dit keer voor controle en om te bespreken hoe nu verder.
nl_rhasspy_814_1601901794|Zo groot is de stad Utrecht nu ook weer niet.
nl_rhasspy_227_1602310759|Vriendelijk van begin tot eind.
nl_rhasspy_806_1601901930|Ik kan je amper volgen.
nl_rhasspy_195_1602333851|Zwammen komen ook gemakkelijk onder de vloer.
nl_rhasspy_512_1602169977|Dat zeer jeugdige kinderen daartoe niet in staat zijn, is duidelijk.
nl_rhasspy_228_1602310747|Maar waarom zou die Chinees geen gelijk hebben?
nl_rhasspy_454_1602170799|Of je kunt de verzekering niet afsluiten.
nl_rhasspy_669_1602007509|Dat hangt af van uw gewicht, maar ook van uw lengte.
nl_rhasspy_39_1602427760|Die is dan eigenlijk baas onder de baas.
nl_rhasspy_464_1602170620|Maar dat ging ook niet zonder aangrijpingspunt.
nl_rhasspy_313_1602256579|Word de aartsvijand van onze vrienden.
nl_rhasspy_920_1601890323|Aarzelend zet ze een voet op de eerste tree.
nl_rhasspy_972_1601818342|Hierdoor hoef je op de dag zelf geen geld meer mee te nemen.
nl_rhasspy_730_1601902988|Toen dacht ik: Nee!
nl_rhasspy_672_1602007474|We helpen je graag op weg.
nl_rhasspy_863_1601891149|Ik mag weer lopen!
nl_rhasspy_233_1602310665|De kat ligt in een fauteuil rustig te slapen.
nl_rhasspy_724_1602006739|Wat zegt onze expert?
nl_rhasspy_24_1602427953|Stuur dan nu je project in!
nl_rhasspy_1071_1601732164|In de Nederlandse wet staat dat bijvoorbeeld kopiëren van media is toegestaan.
nl_rhasspy_587_1602083726|Ook dit kan handig zijn in het gangpad.
nl_rhasspy_250_1602310386|Zou dit dilemma ooit weggaan?
nl_rhasspy_849_1601891361|Als je vandaag een verhoging aanvraagt bij Ben gaat deze morgen al in.
nl_rhasspy_732_1601902969|En nu ben ik moe.
nl_rhasspy_341_1602256210|Dat is iets dat hij uit idealisme doet.
nl_rhasspy_890_1601890773|Om je weer te laten genieten in plaats van er bang voor te zijn.
nl_rhasspy_1013_1601817610|Doe ook altijd aangifte bij de politie.
nl_rhasspy_962_1601818485|Waar wij ook gaan, waar wij ook staan, u laat ons nooit alleen.
nl_rhasspy_286_1602309779|Een hard of zacht gekookt eitje?
nl_rhasspy_273_1602309985|Ik kijk mijn vriendin met grote ogen aan.
nl_rhasspy_655_1602007757|Beter dan wie ook.
nl_rhasspy_881_1601890881|Wij proberen dan binnen twee dagen contact met u op te nemen.
nl_rhasspy_938_1601819075|En dat dan nog wel met je eigen auto.
nl_rhasspy_402_1602255391|Dat ziet er altijd wel leuk uit!
nl_rhasspy_808_1601901903|Het is je eigen keus, is het je waard?
nl_rhasspy_443_1602170974|We hebben deze zaken voor zover mogelijk geautomatiseerd.
nl_rhasspy_89_1602426951|Je leert om geduldig te zijn.
nl_rhasspy_971_1601818357|Gewoon per zakje verpakt.
nl_rhasspy_931_1601819183|Een uitzonderlijk hoog percentage in Italië.
nl_rhasspy_1122_1601731134|Ik wil een huisdier. Waarom geen struisvogel?
nl_rhasspy_211_1602311001|Dit is altijd na overleg.
nl_rhasspy_733_1601902955|Niet goed voor de lijn, maar o zo lekker die koemelk!
nl_rhasspy_132_1602335809|Kijk uw bestelling goed na!
nl_rhasspy_653_1602007782|Drie, twee, één, START!
nl_rhasspy_754_1601902648|Automatisch open je je mond een beetje.
nl_rhasspy_200_1602333769|Wielrennen, hardlopen of wandelen is hun hobby.
nl_rhasspy_476_1602170439|We doen mee aan dit systeem.
nl_rhasspy_38_1602427773|Verder mag ik graag fietsen.
nl_rhasspy_590_1602083675|Het hele geintje werkt dus niet.
nl_rhasspy_973_1601818320|Dat willen ze vast zo houden, of sterk verbeteren.
nl_rhasspy_420_1602171273|Maar dat is pas eind december.
nl_rhasspy_459_1602170690|Ik zou dit bedrijf zonder meer aanraden.
nl_rhasspy_725_1602006723|Doe je ogen dicht en sta jezelf toe om te ontspannen.
nl_rhasspy_458_1602170709|Hoewel je me nog steeds niet aankijkt, weet je dat ik naar je kijk.
nl_rhasspy_46_1602427617|Alles is mogelijk in Eindhoven!
nl_rhasspy_511_1602169994|Het zal haar deugd doen.
nl_rhasspy_891_1601890762|Europa is mooi.
nl_rhasspy_318_1602256525|Bent u flexibel met reizen?
nl_rhasspy_824_1601901664|Een hele uitdaging dus.
nl_rhasspy_36_1602427808|Ieder kind vinden wij uniek.
nl_rhasspy_1146_1601730576|Kunnen we daar op proosten, ja?
nl_rhasspy_535_1602084435|Vind hier vele varianten en kleuren!
nl_rhasspy_188_1602333952|Best een gek idee eigenlijk.
nl_rhasspy_1024_1601817368|Dit van rood naar blauw en weer naar rood?
nl_rhasspy_243_1602310491|Het zou kunnen dat hij speelt.
nl_rhasspy_1141_1601730692|Vraag hier om meer informatie.
nl_rhasspy_884_1601890841|Normaal zijn we niet zo eerlijk!
nl_rhasspy_232_1602310679|Hij sloot zijn ogen, bijna automatisch.
nl_rhasspy_639_1602007992|De andere twee zitten nog vast.
nl_rhasspy_645_1602007895|Heeft u zich gerealiseerd wie eigenlijk aansprakelijk is voor welke lasten?
nl_rhasspy_307_1602309329|Zoek je een school in Spui?
nl_rhasspy_497_1602170159|Een feest voor het hele gezin.
nl_rhasspy_519_1602169873|Waar uw kind thuis is.
nl_rhasspy_788_1601902192|Dit doet hen deugd.
nl_rhasspy_456_1602170736|En niet zo gemakkelijk te beantwoorden.
nl_rhasspy_168_1602334272|Meldt u zich dan nu aan.
nl_rhasspy_1055_1601732432|Dat doe je tenslotte ook in een gesprek met je vrienden.
nl_rhasspy_445_1602170946|Hij ligt goed in de hand, is licht en dun, en is snel.
nl_rhasspy_224_1602310805|Van de ene oever naar de andere is op loopafstand.
nl_rhasspy_1125_1601731016|Zo is hij altijd bij de tijd.
nl_rhasspy_103_1602426736|Dat is namelijk normaal tijdens een hypo.
nl_rhasspy_354_1602256050|Mama zag je dat, dat was Romy!'
nl_rhasspy_974_1601818291|Vroeger was dit eigendom van de abdij.
nl_rhasspy_675_1602007417|Maar ik voel mij toch het meest thuis in Nederland.
nl_rhasspy_386_1602255617|Hoort thuis in elk voertuig!
nl_rhasspy_980_1601818172|Ik vind hem echt super!
nl_rhasspy_301_1602309524|Karen en Steven kenden elkaar goed.
nl_rhasspy_348_1602256135|Veel liever maak ik zelf klei.
nl_rhasspy_756_1601902629|En die duif kan praten.
nl_rhasspy_287_1602309766|Hoe openen, omzetten en converteren?
nl_rhasspy_201_1602333758|Ik mag plaatsnemen in de stoel.
nl_rhasspy_606_1602083457|Vul dan het aanvraagformulier lidmaatschap in.
nl_rhasspy_1143_1601730658|Kinderen zien het nut er niet van in en vinden het saai.
nl_rhasspy_706_1602007024|Om geautomatiseerd te kunnen antwoorden?
nl_rhasspy_160_1602334353|Bovendien heb je aandacht voor kwaliteit, veiligheid en milieu.
nl_rhasspy_422_1602171246|De overheid zou die sanering moeten oppakken.
nl_rhasspy_851_1601891318|Dank, dank aan iedereen die de moeite nam me daar meer informatie over te sturen.
nl_rhasspy_592_1602083645|Jezelf proberen te kennen, jezelf proberen te begrijpen.
nl_rhasspy_411_1602255238|De foto ziet er goed uit!
nl_rhasspy_374_1602255775|Dat zijn vast de nieuwe buren, dacht ik.
nl_rhasspy_1093_1601731759|Maar goed het had zo moeten zijn.
nl_rhasspy_981_1601818145|Dat zou ik ook willen leren.
nl_rhasspy_579_1602083836|Meestal ontstaat schade aan je auto ook zonder dat jij daar iets aan kan doen.
nl_rhasspy_813_1601901807|Ik zou er het geduld niet voor hebben!
nl_rhasspy_1043_1601732679|Het huis is vrij, open en zeer schoon.
nl_rhasspy_554_1602084198|U weet niet welke maat te bestellen?
nl_rhasspy_932_1601819171|Hij zag hoe nodig dit is.
nl_rhasspy_767_1601902462|Wanneer maakt u tijd vrij voor uw aankopen of voor alle administratie?
nl_rhasspy_296_1602309624|Ze willen ook controle over de stroom.
nl_rhasspy_919_1601890337|de stoelen en tafels laten aankleden.
nl_rhasspy_80_1602427133|Dus voor iedereen die overdag nooit kan, is dit dé kans!
nl_rhasspy_992_1601817941|Uw woning aanpassen?
nl_rhasspy_251_1602310367|En die spreken tot de verbeelding.
nl_rhasspy_138_1602335732|Dan kunt u zich aanmelden via de pagina Aanmelden.
nl_rhasspy_99_1602426822|Waar is de verzekering geldig?
nl_rhasspy_444_1602170962|Mama, hoe begin ik aan die taak?
nl_rhasspy_223_1602310819|Kunt u over hen oordelen?
nl_rhasspy_820_1601901715|U moet niet.
nl_rhasspy_347_1602256145|Het ziet er prachtig uit.
nl_rhasspy_1140_1601730705|Hoezo volgende week is het Kerstmis?
nl_rhasspy_667_1602007547|Of wat nu als dat nog eens heel lang op zich zou laten wachten?
nl_rhasspy_1025_1601817344|De duisternis hield drie uur aan.
nl_rhasspy_49_1602427585|Zeker in de randstad is dat niet te doen.
nl_rhasspy_194_1602333865|Ik zou geen stap terug doen.
nl_rhasspy_1121_1601731199|Zo dichtbij mocht het komen voor God.
nl_rhasspy_1133_1601730863|Volg jij mij al?
nl_rhasspy_234_1602310654|Maar steeds komt de melding.
nl_rhasspy_934_1601819136|Het bleek te lukken.
nl_rhasspy_986_1601818042|Bomen die lekker bewegen, echt gaaf.
nl_rhasspy_883_1601890853|Dit was niet wat je wou.
nl_rhasspy_451_1602170841|Ruimte nodig voor uw gezin?
nl_rhasspy_549_1602084256|De vijfde kaart moet je aan jezelf geven.
nl_rhasspy_501_1602170107|Buik van streek, moe, slapjes.
nl_rhasspy_56_1602427482|Zeer zeker ook na uw aankoop.
nl_rhasspy_617_1602083248|De woning is eigendom van de vrouw.
nl_rhasspy_593_1602083636|Ik ben wie ik ben.
nl_rhasspy_1084_1601731943|Zolang we rijden, kan me niets gebeuren.
nl_rhasspy_753_1601902663|Zij kunnen heel moeilijk een baan vinden.
nl_rhasspy_461_1602170654|Wie anders zou dat moeten doen?
nl_rhasspy_917_1601890390|Dit uit zich in het lichaam in de vorm van spanning of pijn.
nl_rhasspy_109_1602336111|De katten miauwen en lopen om ons heen.
nl_rhasspy_761_1601902550|Grote kans dat je haar daar vindt.
nl_rhasspy_1082_1601731992|Wij kopen ook auto's in.
nl_rhasspy_668_1602007524|Wie en wat is Nederland?
nl_rhasspy_181_1602334061|Je data is altijd beschikbaar en actueel.
nl_rhasspy_74_1602427197|Soms ben ik net te laat met de zakdoek.
nl_rhasspy_614_1602083311|Een gevoel dat er iets is dat de mens nu zou moeten doen.
nl_rhasspy_695_1602007167|Ja, u kunt hulp krijgen bij uw aanvraag.
nl_rhasspy_409_1602255271|College voor Brood en Banket.
nl_rhasspy_765_1601902491|Urnen maken, daar wil ze in verder.
nl_rhasspy_134_1602335786|Laat mij uw stem horen.
nl_rhasspy_85_1602427069|Mijn zus is lui en wil altijd slapen.
nl_rhasspy_531_1602084468|Nee, ben je boos en oud?
nl_rhasspy_104_1602426725|Er was dus een oerknal.
nl_rhasspy_1017_1601817549|Moe zijn van je eigen onvermogen om de slaap te vatten.
nl_rhasspy_1016_1601817565|De zee is vrij van kwallen.
nl_rhasspy_898_1601890672|Hoe stom kan hij als baas zijn?
nl_rhasspy_827_1601901616|En ze speelt heel enthousiast.
nl_rhasspy_763_1601902518|Hoe Europees ben jij?
nl_rhasspy_499_1602170130|Nee verkopen doet hij liever niet.
nl_rhasspy_506_1602170040|Ze is wel eens moe, geeft ze toe.
nl_rhasspy_1100_1601731618|Ja zeggen, maar nee doen.
nl_rhasspy_923_1601890253|En wat zou het.
nl_rhasspy_82_1602427109|Grote kans dat jij dé jurk hebt gevonden!
nl_rhasspy_502_1602170096|En ik leef van pauze naar pauze.
nl_rhasspy_1040_1601732727|Zo wordt het een project van de school gedragen door de school.
nl_rhasspy_764_1601902505|Zo weet u altijd hoe uw systeem ervoor staat.
nl_rhasspy_591_1602083661|Vul alle gegevens in en maak uw bestelling af.
nl_rhasspy_693_1602007194|Op de boot is het niet alleen maar luieren.
nl_rhasspy_1116_1601731323|Hij is echt koning!
nl_rhasspy_1070_1601732192|Deze werkvorm gaat over hoe deze wetten gemaakt worden.
nl_rhasspy_410_1602255248|Van mijn mama en mij.
nl_rhasspy_419_1602171284|De oorzaak moet ik nog bekijken.
nl_rhasspy_611_1602083351|Een mooi, jong en creatief bedrijf.
nl_rhasspy_910_1601890489|En vlak voor het opdienen nog de taugé.
nl_rhasspy_634_1602008064|Af en toe een winkel in.
nl_rhasspy_1068_1601732218|Mijn koninkrijk is niet van deze wereld.
nl_rhasspy_540_1602084381|En dat kunnen wij niet zonder uw hulp!
nl_rhasspy_744_1601902799|Als u aanvullende informatie hebt, dan is die altijd welkom.
nl_rhasspy_1064_1601732283|Het is dan veel werk om dit schoon te houden.
nl_rhasspy_448_1602170888|Waarom zeur ik er dan zo over?
nl_rhasspy_567_1602084038|Welk bestand moet ik nu aanpassen??
nl_rhasspy_423_1602171233|Het is verfoeilijk; dat staat vast.
nl_rhasspy_600_1602083542|Je kan er veel mee aanpassen.
nl_rhasspy_1038_1601732757|Gemakkelijk om te maken, niet duur en vooral heel erg lekker.
nl_rhasspy_321_1602256497|De kreupele koe loopt trouwens nog steeds erg zielig rond.
nl_rhasspy_135_1602335772|Het milieu is elegant, mooi en schoon.
nl_rhasspy_292_1602309686|En geeft me ook niet echt het wauw-effect.
nl_rhasspy_54_1602427513|Oké oké, je laat het voor deze keer.
nl_rhasspy_915_1601890420|En een al lang lopend dossier.
nl_rhasspy_500_1602170120|Wij gaan echter nog verder.
nl_rhasspy_1026_1601817329|Dus ga voor goud en win!
nl_rhasspy_721_1602006784|Oké, enorm gechargeerd.
nl_rhasspy_231_1602310709|Voor aanvullende informatie over de toegankelijkheid, zie onze website.
nl_rhasspy_1053_1601732460|Zo ook deze keer weer speciaal.
nl_rhasspy_370_1602255851|Er zit ook een tjiftjaf tussen, schaars deze dagen.
nl_rhasspy_742_1601902834|En ten tweede: waar willen wij met elkaar naar toe?
nl_rhasspy_584_1602083767|Dat eeuwig gevoel van liefde.
nl_rhasspy_731_1601902978|Fietsverhuur in de straat.
nl_rhasspy_140_1602335696|Tot ik dan dat vreemde kaasje zag liggen.
nl_rhasspy_521_1602169833|In welke staat is de accu?
nl_rhasspy_242_1602310505|Meld je snel aan voor een woensdag, zaterdag of zondag in november.
nl_rhasspy_1088_1601731858|Ah nu zie ik het!
nl_rhasspy_192_1602333885|De blaadjes hangen stil aan de bomen.
nl_rhasspy_965_1601818442|Je kunt er wijn en bier proeven, maar ook chocola en kaas.
nl_rhasspy_943_1601819008|Zet je strijkijzer op de stand 'wol'.
nl_rhasspy_441_1602171006|Ben je aan het gluren naar mama?
nl_rhasspy_19_1602427992|Af en toe lekker lui is gezond.
nl_rhasspy_719_1602006811|Dichtbij u in de buurt.
nl_rhasspy_604_1602083490|Dit zijn insuline en glucagon.
nl_rhasspy_1102_1601731589|En dan druk ik me nog vrij eufemistisch uit.
nl_rhasspy_1015_1601817582|Ga jij de uitdaging aan?
nl_rhasspy_832_1601891602|Als het ook nog geluid maakt zal het een grote aantrekkingskracht tot je baby hebben.
nl_rhasspy_1120_1601731228|Hoe lichter je bagage, des te meer je mee kunt nemen.
nl_rhasspy_1091_1601731801|U mag ze zelf vullen.
nl_rhasspy_662_1602007631|Thuis hebben ze geen computer, alleen op school kan hij een computer gebruiken.
nl_rhasspy_875_1601890963|U moet er zelf nog heet water bij doen en goed schudden.
nl_rhasspy_779_1601902326|U kunt hem gemakkelijk bereiken.
nl_rhasspy_702_1602007079|Hoe is dat voor je partner?
nl_rhasspy_970_1601818371|Wat vond je van de hoeveelheid tekst op deze pagina?
nl_rhasspy_1089_1601731837|Meer informatie over het huren van een fiets vind je op de pagina Fietsverhuur Amsterdam.
nl_rhasspy_1033_1601732848|Doe je mee? Procrastineren is niet moeilijk!
nl_rhasspy_533_1602084456|Ik hoop dat u mij kunt helpen.
nl_rhasspy_148_1602335509|Deze kleuren kunnen per meter worden aangepast via de configuratie.
nl_rhasspy_1160_1601730118|De tenen zijn niet mooi roze.
nl_rhasspy_750_1601902711|Met al onze reizen door Europa.
nl_rhasspy_153_1602335385|Gênant, dat kan ik je zeggen!
nl_rhasspy_17_1602428023|Dit kost u niets en verplicht u tot niets.
nl_rhasspy_498_1602170142|Ik heb dat ding één keer gedragen en er is niet veel meer van over.
nl_rhasspy_789_1601902182|Nee, zeker niet.
nl_rhasspy_467_1602170583|En dan moet een mens eerlijk nee antwoorden.
nl_rhasspy_892_1601890749|Schrijf dan op deze pagina een recensie!
nl_rhasspy_516_1602169927|Geen idee of ik het nog kan?
nl_rhasspy_77_1602427161|Bijzonder overnachten in een wijnvat.
nl_rhasspy_876_1601890948|Wist u dat u uw bestelling van deur tot deur kunt volgen?
nl_rhasspy_417_1602171322|Dat kan u ook overkomen.
nl_rhasspy_842_1601891456|Uw rijbewijs blijft dan geldig.
nl_rhasspy_408_1602255294|Ik zal naast u zitten.
nl_rhasspy_828_1601901604|Ik maak er gewoon zelf zo één!
nl_rhasspy_112_1602336075|Dat wordt zeer op prijs gesteld.
nl_rhasspy_665_1602007588|Maar nee het was geen collega.
nl_rhasspy_612_1602083337|Wat super goed is trouwens.
nl_rhasspy_190_1602333927|Mooi dat je deze hebt geschreven!
nl_rhasspy_392_1602255544|Europa heeft nieuwe verhalen nodig.
nl_rhasspy_670_1602007498|Nodig je familie uit!
nl_rhasspy_69_1602427279|Ben jij anders dan de rest?
nl_rhasspy_253_1602310321|Dat is nog steeds lager dan die van alle omringende staten.
nl_rhasspy_309_1602309287|Ik pas het met liefde opnieuw voor jullie aan.
nl_rhasspy_121_1602335949|Dit werk heeft hij eind jaren tachtig gemaakt.
nl_rhasspy_885_1601890830|De aanhouder wint!
nl_rhasspy_1061_1601732335|Vroeger wist ik nooit wanneer mijn hypo's kwamen.
nl_rhasspy_548_1602084270|Auto uit en naar binnen maar.
nl_rhasspy_32_1602427856|Of sluit deze melding.
nl_rhasspy_246_1602310443|Welk eten is goed voor mij en mijn kind?
nl_rhasspy_492_1602170201|Dit kan bewust of onbewust gebeuren.
nl_rhasspy_259_1602310208|Komt laten wij aanbidden, komt laten wij aanbidden.
nl_rhasspy_783_1601902268|Bestelling aanpassen of annuleren.
nl_rhasspy_22_1602427962|Je broer blijft je broer.
nl_rhasspy_947_1601818933|Daarbij wordt onder andere naar Europa gekeken.
nl_rhasspy_855_1601891255|Man, vrouw, oud of jong, iedereen is welkom.
nl_rhasspy_345_1602256165|Dat ziet er mooi uit.
nl_rhasspy_285_1602309793|De Dikke van Dam maakt er zelfs geen melding van.
nl_rhasspy_714_1602006891|Zoals tandpasta, ijs en soep.
nl_rhasspy_1019_1601817515|Giet af en laat afkoelen.
nl_rhasspy_173_1602334171|Ik heb liever dat je eerlijk bent over mij.
nl_rhasspy_857_1601891223|Ik voelde me zo oud en depressief, echt rot.
nl_rhasspy_323_1602256469|Je geeft ze bagage mee voor hun hele leven.
nl_rhasspy_378_1602255727|Voor je het weet, ben je oud.
nl_rhasspy_541_1602084370|Plan je vakantie in Friesland.
nl_rhasspy_904_1601890586|Wij zullen uw gegevens dan ook aan niemand doorgeven.
nl_rhasspy_449_1602170876|De rijkdom zit in ons hart.
nl_rhasspy_1027_1601817314|Wil je werken bij Blauw Amsterdam?
nl_rhasspy_136_1602335761|Ze is gepassioneerd door verhalen.
nl_rhasspy_388_1602255591|En toch leg ik mijn functie niet neer.
nl_rhasspy_207_1602333676|En Lou is gek op Bob.
nl_rhasspy_208_1602333664|Omdat wij veel via e-mail doen.
nl_rhasspy_84_1602427083|Dan zijn wij uw alternatief.
nl_rhasspy_92_1602426912|De schemering valt en bijna ook mijn oogleden.
nl_rhasspy_429_1602171152|Leven in het veen is niet gemakkelijk.
nl_rhasspy_798_1601902041|Doe maar gewoon en zo.
nl_rhasspy_220_1602310854|Dus eind goed, al goed.
nl_rhasspy_457_1602170725|Wie goed doet, goed ontmoet.
nl_rhasspy_204_1602333718|Gemiddeld is augustus de warmste maand.
nl_rhasspy_585_1602083753|De inhoud is bij voorkeur niet commercieel!
nl_rhasspy_811_1601901853|Uw jurk waait dan niet meer weg.
nl_rhasspy_326_1602256434|Nee, antwoord ik, ik wil alleen slapen.
nl_rhasspy_1110_1601731417|De dader is een man uit Bangladesh die al enkele jaren in Amerika woont.
nl_rhasspy_1001_1601817805|Ze zijn gewoon eetbaar.
nl_rhasspy_199_1602333788|Waarmee u dus niet vanaf nul hoeft te beginnen.
nl_rhasspy_1076_1601732082|Maar zo heb ik het geleerd.
nl_rhasspy_64_1602427364|Dat zijn wij eigenlijk altijd gebleven.
nl_rhasspy_638_1602008010|Plaats de andere kant van de mal er boven op.
nl_rhasspy_509_1602170017|Eind goed al goed dus.
nl_rhasspy_737_1601902894|Heb nog geen manier gevonden om in de douche ook alle haren weg te scheren.
nl_rhasspy_573_1602083939|om er een paar van onlangs te noemen.
nl_rhasspy_72_1602427248|Leuk hoor, die introductie eind juni.
nl_rhasspy_976_1601818233|Op maandag is de zaak gesloten.
nl_rhasspy_274_1602309973|Ja, één keer, en dan niet meer.
nl_rhasspy_418_1602171309|Zorgen over het milieu heeft hij niet.
nl_rhasspy_537_1602084412|Ik vind dat een mooi gebaar.
nl_rhasspy_5_1602428168|Bleek ze klein te zijn joh haha!
nl_rhasspy_628_1602008169|Scheelt dus niet zo veel, valt reuze mee.
nl_rhasspy_86_1602427061|Ze zou zich moeten schamen.
nl_rhasspy_317_1602256544|Kogelrond zullen ze niet worden.
nl_rhasspy_172_1602334193|Er wordt taugé van gemaakt.
nl_rhasspy_146_1602335539|Ik rouw er niet om.
nl_rhasspy_1077_1601732070|Maar is ie er ook in het echt?
nl_rhasspy_664_1602007602|De aard van het werk en de manier van aanpak werd helemaal anders.
nl_rhasspy_581_1602083804|Moe waren de dames zeker, dat is wel duidelijk.
nl_rhasspy_930_1601890150|De basis voor de overwinning werd in de eerste helft gelegd.
nl_rhasspy_1039_1601732744|Neem een ervaren gids mee op uw reis.
nl_rhasspy_1_1602428220|Een kat hoort immers te miauwen, en niet te praten.
nl_rhasspy_225_1602310792|Je bent gewoon te lui om te werken!
nl_rhasspy_984_1601818093|Beu om in het donker in en uit je auto te stappen?
nl_rhasspy_178_1602334112|Hé ik heb iets gevonden.
nl_rhasspy_903_1601890603|Bagage uit de auto.
nl_rhasspy_1092_1601731772|Deze zal een maand na afloop worden geïncasseerd.
nl_rhasspy_954_1601818624|Ik ben moe van broccoli.
nl_rhasspy_933_1601819154|Laat het brood buiten de oven op een rooster afkoelen.
nl_rhasspy_381_1602255696|Je zou er bijna over kijken.
nl_rhasspy_1123_1601731115|U kunt deze week van maandag tot en met zaterdag hier terecht.
nl_rhasspy_473_1602170490|Maar dat vonden ze geen argument.
nl_rhasspy_805_1601901942|Pas op met uw planning.
nl_rhasspy_57_1602427460|Tel daarbij de politie-uren.
nl_rhasspy_745_1601902789|Hoe gaat het met je?
nl_rhasspy_850_1601891342|Dit alles is in een handomdraai in te stellen voor iedere gebruiker.
nl_rhasspy_964_1601818459|Bijvoorbeeld in een kas of de garage.
nl_rhasspy_1142_1601730678|Slank en lang heeft geen gang, zei ze.
nl_rhasspy_1075_1601732094|Maar het is nu zo urgent.
nl_rhasspy_847_1601891388|Laat het ons weten als u op vakantie gaat.
nl_rhasspy_902_1601890618|Je bent echt zo in de stad, maar je woont echt buiten.
nl_rhasspy_841_1601891470|De regering heeft aangekondigd om met een plan van aanpak te komen.
nl_rhasspy_879_1601890909|Vragen of gewoon nieuwsgierig?
nl_rhasspy_520_1602169861|En dat was geen kleinigheid.
nl_rhasspy_1078_1601732053|Na overspel heb je een 'vreemde' in huis.
nl_rhasspy_154_1602334432|Speelt het milieu een rol?
nl_rhasspy_768_1601902447|Ik was al vele jaren het huis uit.
nl_rhasspy_913_1601890448|Dus ja eigenlijk wel.
nl_rhasspy_658_1602007700|Maar ja, dat is toch een beetje wij van WC Eend adviseren WC Eend.
nl_rhasspy_226_1602310780|En dit werkt verbluffend goed.
nl_rhasspy_174_1602334154|Al gauw ontmoet ze allerlei mensen die haar voor een jongen aanzien.
nl_rhasspy_642_1602007939|Dit is de aangifte van verhuizing.
nl_rhasspy_880_1601890896|Bij het hotel is er een fietsverhuur.
nl_rhasspy_810_1601901870|Heel bijzonder en wat hebben jullie een geduld moeten hebben (en nog steeds).
nl_rhasspy_1021_1601817477|Net na de kerstdagen viel er nog een kerstkaartje binnen.
nl_rhasspy_311_1602256617|Dat ze in hun geloof houvast vinden?
nl_rhasspy_682_1602007325|Ook ging hij uit van twintig mensen in plaats van tachtig.
nl_rhasspy_735_1601902925|Toch denk ik dat promotie heel lastig wordt.
nl_rhasspy_477_1602170420|Wist je dat de sauna dé Finse manier van ontspannen is?
nl_rhasspy_928_1601890181|Maar dat is meer dan loonkost alleen.
nl_rhasspy_212_1602310983|Dit staat in de Wet gebruik burgerservicenummer in de zorg.
nl_rhasspy_40_1602427730|Het plan ontmoet bijna unaniem kritiek.
nl_rhasspy_169_1602334256|Ze zien de bui al hangen.
nl_rhasspy_158_1602334383|Eindelijk die winterkleding uit.
nl_rhasspy_474_1602170463|Ik zie nu pas dat mensen nog vragen stellen over mijn casus.
nl_rhasspy_333_1602256339|Zeker lekker om mee onder de douche te nemen.
nl_rhasspy_517_1602169909|Wij verdiepen ons in uw situatie en adviseren u op maat.
nl_rhasspy_1159_1601730292|Hij kiest zelf uit wanneer en vooral voor wie.
nl_rhasspy_527_1602084538|Geen idee hoe ik dat moet doen.
nl_rhasspy_542_1602084359|Volgens mij moest je er om lachen.
nl_rhasspy_487_1602170234|Passend bij wie je bent.
nl_rhasspy_960_1601818520|En van jaloezie?
nl_rhasspy_622_1602083182|Denk niet te veel na over de verandering.
nl_rhasspy_630_1602008130|Nog nooit hebt u voor uw euro zo veel gekregen.
nl_rhasspy_355_1602256036|Laat ze in de vorm afkoelen.
nl_rhasspy_925_1601890224|Ze gaan weer op stap en nemen deel aan de samenleving.
nl_rhasspy_312_1602256592|We zaten schijnbaar net aan de rand van de bui.
nl_rhasspy_782_1601902282|Ik hoef ook geen leespauze om die verklaring te lezen.
nl_rhasspy_793_1601902128|Hoop snel weer terug te komen.
nl_rhasspy_466_1602170597|Dit kan dus geen verrassing zijn.
nl_rhasspy_936_1601819104|Kortom op zee blijven tot de wind af ging nemen.
nl_rhasspy_738_1601902877|Dat zou ik morgen even na moeten vragen.
nl_rhasspy_1051_1601732488|Daar haal je het aan, ja.
nl_rhasspy_102_1602426749|Schep de ui over in een kom en laat afkoelen.
nl_rhasspy_926_1601890211|En daar blijft het niet bij.
nl_rhasspy_553_1602084209|Voor een moeder is haar gezin alles.
nl_rhasspy_421_1602171259|Door zijn vorm is deze asbak zeer stabiel.
nl_rhasspy_282_1602309859|Bestel de maat die uw kind in zijn kleding heeft.
nl_rhasspy_111_1602336088|Laat de siroop wat afkoelen.
nl_rhasspy_217_1602310895|Het water loopt mij bijna uit mijn mond.
nl_rhasspy_44_1602427657|Goed programma dat goed op elkaar aansluit.
nl_rhasspy_1057_1601732405|Dit heet de menopauze of overgang.
nl_rhasspy_163_1602334318|Ik zal voor jullie Berceuse spelen.
nl_rhasspy_193_1602333874|Welke bestemming past bij wie?
nl_rhasspy_26_1602427931|Jij bent de baas, ik doe wat je zegt.
nl_rhasspy_599_1602083555|Waarom andere sloten en sleutels?
nl_rhasspy_778_1601902340|Het heeft me toen mijn leven terug gegeven.
nl_rhasspy_836_1601891543|Waarom dat is ga ik proberen uit te leggen.
nl_rhasspy_235_1602310644|Je moeder dus, niet die vrouw.
nl_rhasspy_1006_1601817740|Daar ligt de sleutel.
nl_rhasspy_826_1601901632|En dat je daar verhalen hoort over hoe het daar is.
nl_rhasspy_1162_1601730069|Nu weet ik hoe het ook kan.
nl_rhasspy_908_1601890517|Dit wordt dé plek.
nl_rhasspy_705_1602007040|Gemiddeld gaat het om vijfenvijftig euro per maand.
nl_rhasspy_755_1601902638|Is Hij wel de Koning?
nl_rhasspy_1063_1601732300|Eten doe ik ook al niet en heb ook gewoon geen honger.
nl_rhasspy_357_1602256005|Gemakkelijk te installeren en te configureren.
nl_rhasspy_255_1602310292|Zijn ze bewust doof voor wat er aan de basis leeft?
nl_rhasspy_206_1602333685|Nee, zegt de andere helft.
nl_rhasspy_130_1602335833|Zelfs de mens Jezus niet!
nl_rhasspy_213_1602310951|Waarom moet ik mij nu opnieuw aanmelden?
nl_rhasspy_468_1602170570|Waar leeft u eigenlijk voor?
nl_rhasspy_901_1601890633|Een boot het is eens wat anders.
nl_rhasspy_50_1602427575|Ik ga er zeker niet eten.
nl_rhasspy_726_1602006710|Het was vast pure jaloezie.
nl_rhasspy_314_1602256567|Meneer giraf is daar perfect voor.
nl_rhasspy_914_1601890435|Neem een handdoek of matje mee!
nl_rhasspy_736_1601902916|Nee, eigenlijk niet.
nl_rhasspy_147_1602335527|Nu beginnen de zenuwen pas echt te komen.
nl_rhasspy_625_1602083135|Meer controle zou voor de hand hebben gelegen.
nl_rhasspy_942_1601819019|Maar geen jas was perfect.
nl_rhasspy_503_1602170087|En ja hoor, dat werkt!
nl_rhasspy_9_1602428110|Mooi zoals je alles hebt gecombineerd.
nl_rhasspy_766_1601902480|In blauw en grijstinten.
nl_rhasspy_1072_1601732133|Wie o wie?
nl_rhasspy_961_1601818502|U kunt op deze pagina ook terecht voor het aanvraagformulier.
nl_rhasspy_171_1602334209|Waar zijn dan uw goden, die gij u gemaakt hebt?
nl_rhasspy_159_1602334371|Je hoeft niet zo nerveus te zijn, joh.
nl_rhasspy_1014_1601817597|Zo ja, bij wie en graag toelichten.
nl_rhasspy_395_1602255506|Dat is de aard van het vak.
nl_rhasspy_878_1601890921|Kostprijs: zes miljoen euro.
nl_rhasspy_660_1602007667|De fiets van betrokkene lag er nog.
nl_rhasspy_568_1602084024|Omdat het hoort bij de leeuw.
nl_rhasspy_518_1602169884|De ijsvogel kan zich daar nestelen.
nl_rhasspy_894_1601890731|Lees dan gauw verder!
nl_rhasspy_759_1601902579|Die moeten gewoon betalen en niet zeuren.
nl_rhasspy_128_1602335857|Niet meer kopen is goed voor het milieu en economie.
nl_rhasspy_1139_1601730720|Lees de twee verslagen hier.
nl_rhasspy_1032_1601732877|Was de taugé.
nl_rhasspy_700_1602007107|Wel zo eerlijk.
nl_rhasspy_781_1601902299|Het is voorzien van plexiglas, dus niet breekbaar.
nl_rhasspy_35_1602427819|Dat maakt zingen in een koor zo uniek.
nl_rhasspy_1163_1601730051|Maar er zou nog zo veel meer mogelijk moeten zijn.
nl_rhasspy_508_1602170027|Niet dat er geen controle op de macht hoeft te zijn.
nl_rhasspy_710_1602006953|En als ie dat doet, waarom zou hij dat dan bij een huis niet doen?
nl_rhasspy_465_1602170608|je moestuin ziet er geweldig uit!
nl_rhasspy_340_1602256222|Ik help u dit doel te bereiken.
nl_rhasspy_116_1602336026|Meestal zegt mijn geest dat ik moe ben.
nl_rhasspy_310_1602309269|Zijn humeur leed er niet onder.
nl_rhasspy_647_1602007869|De rest neemt dit idee ook over.
nl_rhasspy_30_1602427885|Ik zou de andere zeker niet enorm duur noemen.
nl_rhasspy_1023_1601817425|Ook het gebruik van een viool deed de band opvallen.
nl_rhasspy_983_1601818124|Bent u ook nieuwsgierig geworden?
nl_rhasspy_471_1602170532|Kunt u gemakkelijk vinden wat u zoekt?
nl_rhasspy_393_1602255533|En waarom zou het gebeuren?
nl_rhasspy_631_1602008118|De euro wordt minder waard.
nl_rhasspy_995_1601817902|Dit percentage is echter een gemiddelde.
nl_rhasspy_1003_1601817773|Vaak wordt brandschilderen gecombineerd met glas in lood.
nl_rhasspy_776_1601902361|Dit alles in het belang van de jeugdigen.
nl_rhasspy_325_1602256447|Laat het reizen aan uw gevoel over.
nl_rhasspy_428_1602171164|Uiteindelijk valt u in slaap.
nl_rhasspy_98_1602426833|Welk meisje wil deze fiets nu niet?
nl_rhasspy_1099_1601731633|Er staat nogal wat op het spel!
nl_rhasspy_78_1602427149|Maar je hebt zeker een punt.
nl_rhasspy_659_1602007682|Voor de laatste keer op de boot een douche nemen.
nl_rhasspy_21_1602427972|Hoe lang kun jij overleven?
nl_rhasspy_1030_1601817267|Van welk deel ben je dan nog niet helemaal tevreden?
nl_rhasspy_888_1601890799|Bye bye basisschool!
nl_rhasspy_399_1602255439|Nee hoor, niets van dat alles.
nl_rhasspy_691_1602007207|Ja, zo lang is dat al geleden.
nl_rhasspy_1147_1601730549|Wat zal hij lekker slapen.
nl_rhasspy_95_1602426878|Begin eraan en de rest zal volgen.
nl_rhasspy_264_1602310130|En ja, u bent er pas net.
nl_rhasspy_252_1602310339|Elk jaar kwamen er meer bij en elk jaar namen de lasten toe.
nl_rhasspy_821_1601901706|Wie zoekt gij?
nl_rhasspy_865_1601891117|Denk bijvoorbeeld aan moe zijn, geen zin hebben, het is slecht weer enzovoort.
nl_rhasspy_1167_1601729905|Kunnen kinderen de hemel naar de aarde brengen?
nl_rhasspy_739_1601902867|Ja, zeker hoor!
nl_rhasspy_358_1602255996|Dus ben jij aan zet.
nl_rhasspy_991_1601817956|Zo lang ik me kan herinneren, ging de camera altijd met opa mee op pad.
nl_rhasspy_935_1601819125|Het moet een verrassing zijn.
nl_rhasspy_322_1602256483|Bibliotheek van de Universiteit van Amsterdam.
nl_rhasspy_939_1601819061|Doe ook eens wat!
nl_rhasspy_1009_1601817686|Het leven van een student is niet eenvoudig.
nl_rhasspy_829_1601891650|Dit meetinstrument is snel en eenvoudig in gebruik.
nl_rhasspy_635_1602008054|Dat komt door de vervuiling.
nl_rhasspy_39_1602427744|Die is dan eigenlijk baas onder de baas.
nl_rhasspy_649_1602007846|En zo is de cirkel rond.
nl_rhasspy_624_1602083149|De volgende keer zijn ze te oud.
nl_rhasspy_576_1602083897|En waarom mag niet elk Europees land meedoen?
nl_rhasspy_775_1601902378|Aanpassen van de naam heeft dus geen effect op de werking van het formulier.
nl_rhasspy_266_1602310101|Een mooi eiland om over te wandelen.
nl_rhasspy_276_1602309947|Dat mag je jezelf kwalijk nemen.
nl_rhasspy_1153_1601730427|Vanaf morgen hebt u ze in huis.
nl_rhasspy_633_1602008074|Dat komt door de zandgrond.
nl_rhasspy_1048_1601732559|Ga ook zelf op zoek.
nl_rhasspy_867_1601891091|Nee, ook niet omdat je dan beter vindbaar bent.
nl_rhasspy_139_1602335710|Carpoolen is goed voor het milieu, je portemonnee en de gezelligheid.
nl_rhasspy_248_1602310413|Het blad is langwerpig van vorm en is getand.
nl_rhasspy_339_1602256264|Joke is inmiddels dan bij ons komen zitten.
nl_rhasspy_596_1602083603|Ze vinden ze erg gaaf en handig.
nl_rhasspy_1000_1601817815|Al voelde ik mezelf niet zo oud.
nl_rhasspy_877_1601890935|Hoe moet dat gezin aan de kost komen?
nl_rhasspy_16_1602428035|Je kan niet naar het spreekuur komen.
nl_rhasspy_73_1602427234|Daarbij is er ruimte en tijd voor gesprek.
nl_rhasspy_1065_1601732261|Op de ene kant staat een vraag of aanwijzing, op de andere kant het antwoord.
nl_rhasspy_977_1601818216|Maakt het uit als hij er toch nooit komt?
nl_rhasspy_303_1602309500|Is dat niet een lief gebaar?
nl_rhasspy_31_1602427866|Onze eigen geest alleen kan dit soort kennis niet kennen.
nl_rhasspy_794_1601902112|Met deze presentatie ga je veel vogels leren kennen.
nl_rhasspy_637_1602008026|De golven en branding kwamen steeds dichterbij.
nl_rhasspy_366_1602255913|Wij hebben hier geen invloed op.
nl_rhasspy_469_1602170557|Maar de uitslag komt er snel aan!
nl_rhasspy_595_1602083615|Je zou er in kunnen verdwalen.
nl_rhasspy_896_1601890702|En daar was niets mis mee.
nl_rhasspy_792_1601902138|Met kerstmuziek dus.
nl_rhasspy_861_1601891171|Steeds in overleg met u.
nl_rhasspy_377_1602255737|Moet ik mij grote zorgen maken?
nl_rhasspy_889_1601890788|En wat een toffe vrouw is Roos.
nl_rhasspy_389_1602255581|Hoe hoog is de vergoeding?
nl_rhasspy_1105_1601731523|Even wachten tot het droog weer is, want de speurtocht is buiten.
nl_rhasspy_1119_1601731259|Wie is de koning van de Anglicaanse kerk?
nl_rhasspy_652_1602007795|Hoe komt lucht in je longen?
nl_rhasspy_191_1602333912|Dat had in hoofdzaak twee oorzaken.
nl_rhasspy_55_1602427496|Maar ik denk inderdaad niet dat dat Hebreeuws zal zijn.
nl_rhasspy_615_1602083292|Bijna tien jaar waren er in Algiers geen aanslagen.
nl_rhasspy_113_1602336061|Vind jij jezelf te dik of vind jij jezelf te dun?
nl_rhasspy_367_1602255892|Dat zou pas tien jaar later gebeuren.
nl_rhasspy_275_1602309961|De tekst zou antisemitisch zijn.
nl_rhasspy_751_1601902697|Of u nog wat wil geven voor de fanfare.
nl_rhasspy_334_1602256326|We doen de poort dicht.
nl_rhasspy_424_1602171219|Hierin fruit je de ui op een niet te hoog vuur.
nl_rhasspy_90_1602426940|En dus niet per se uit dat kookboek!
nl_rhasspy_1148_1601730536|Niet ieder bedrijf is sociaal.
nl_rhasspy_71_1602427260|Maar wat doet Europa eigenlijk?
nl_rhasspy_351_1602256096|Maar hoe eerlijk is die vergelijking?
nl_rhasspy_261_1602310177|Voor iedere aannemer is de behoefte anders.
nl_rhasspy_453_1602170813|Weet jij hoe je dit slim aanpakt?
nl_rhasspy_800_1601902010|Een opdracht wordt pas aanvaard nadat een offerte is uitgebracht.
nl_rhasspy_216_1602310913|De zoon heeft een andere voorkeur dan mama.
nl_rhasspy_1087_1601731894|Wie o wie kan mij helpen met mijn spierpijn?
nl_rhasspy_76_1602427172|We zijn actief in de randstad.
nl_rhasspy_447_1602170907|Niet omdat het geen mooi boek is.
nl_rhasspy_364_1602255926|Die uitslag staat al vast.
nl_rhasspy_165_1602334306|Zijn ze lekker moe als ze naar bed moeten.
nl_rhasspy_114_1602336050|Doen ze het niet uit luiheid?
nl_rhasspy_125_1602335899|De geschiedenis van uw bedrijf is de ziel van uw bedrijf.
nl_rhasspy_343_1602256198|De eerste plek vindt die ijdeltuit prachtig.
nl_rhasspy_975_1601818245|Wie weet zullen wij het in Nederland ook nog wel krijgen!
nl_rhasspy_338_1602256281|Je kunt theoretisch gezien in iedere auto lesgeven.
nl_rhasspy_304_1602309485|Nee uitslapen zat er zeker niet in.
nl_rhasspy_263_1602310142|Denkt u eraan uw eigendom te verkopen?
nl_rhasspy_450_1602170854|Hoi Romy, ten eerste gefeliciteerd met je moeder!
nl_rhasspy_904_1601890573|Wij zullen uw gegevens dan ook aan niemand doorgeven.
nl_rhasspy_68_1602427306|Ik maakte mijn melding en moest vervolgens mijn naam en adres opgeven.
nl_rhasspy_483_1602170282|Dat bleek enorm goed te gaan.
nl_rhasspy_256_1602310262|Je ziet ineens een kassa opengaan.
nl_rhasspy_643_1602007925|Meld je niet op het laatste nippertje af.
nl_rhasspy_1029_1601817284|Hoe sta je er sowieso op dit moment in?
nl_rhasspy_350_1602256108|Op te halen vanaf eind deze maand en begin volgende maand.
nl_rhasspy_412_1602255227|Hoe kwam hij ooit van de reu af?
nl_rhasspy_536_1602084422|Ik wist dat mijn vader het niet zou overleven.
nl_rhasspy_1090_1601731824|Doe vooral aangifte!
nl_rhasspy_1168_1601729885|Gooi oud brood niet weg.
nl_rhasspy_856_1601891239|Andere dagen eet je chips, drink je bier en lig je lui op de bank.
nl_rhasspy_846_1601891403|Men kan ieder soort geschenk geven, zoals geld of voedsel.
nl_rhasspy_437_1602171039|Ik heb een akelig gevoel.
nl_rhasspy_480_1602170361|Dan is deze job wat je zoekt.
nl_rhasspy_284_1602309822|Dat zou fantastisch zijn toch?
nl_rhasspy_1137_1601730749|Dan ziet Jan de fles te staan en wijst deze aan.
nl_rhasspy_270_1602310041|Sla dan nu uw slag!
nl_rhasspy_1047_1601732574|Dat heeft Jezus helemaal niet geleerd.
nl_rhasspy_870_1601891054|Wie het weet, mag het zeggen!
nl_rhasspy_748_1601902745|Ja, zo lust ik nog wel een.
nl_rhasspy_678_1602007378|Evenwichtig ruimte en richting geven.
nl_rhasspy_534_1602084446|Zou het dan vandaag lukken?
nl_rhasspy_681_1602007343|Je speelt nu het spel Royal Rush.
nl_rhasspy_985_1601818068|Luieren aan dek en erg veel gezien.
nl_rhasspy_268_1602310078|U hebt nu het eeuwig leven.
nl_rhasspy_819_1601901723|U moet uw administratie aanpassen.
nl_rhasspy_906_1601890545|Voor de inhoud van uw jas zijn wij niet aansprakelijk.
nl_rhasspy_979_1601818182|Smeuïg is 'ie zeker!
nl_rhasspy_425_1602171207|Het is niet alleen van de patiënt.
nl_rhasspy_918_1601890370|Vaak telt dat wie het eerste is, het gelijk automatisch op zijn hand heeft.
nl_rhasspy_60_1602427398|En goed voor het milieu ook!
nl_rhasspy_945_1601818976|Echt, waarom deze kerel de sleutels van Nederland nog niet gekregen heeft?
nl_rhasspy_513_1602169961|Het is dé tijd van gezelligheid en lekker eten.
nl_rhasspy_6_1602428155|Dit mag u niet missen!
nl_rhasspy_575_1602083910|Is er een theoretisch examen?
nl_rhasspy_157_1602334395|Heeft een van beiden een hartaandoening of last van astma?
nl_rhasspy_1149_1601730513|Wat vliegt de tijd toch.
nl_rhasspy_10_1602428099|Na enkele uren was ik goed moe.
nl_rhasspy_349_1602256123|Genezing is dan niet meer mogelijk.
nl_rhasspy_262_1602310162|Wees eens eerlijk: tof is die hè?
nl_rhasspy_1136_1601730766|Waar is die dokter als je hem nodig hebt?
nl_rhasspy_133_1602335797|In dit gesprek bespreken wij uw wensen.
nl_rhasspy_1124_1601731100|Het was zo mooi, zo prachtig.
nl_rhasspy_1054_1601732445|Adem in, adem uit.
nl_rhasspy_544_1602084318|Dan lees je op deze pagina hoe dat moet.
nl_rhasspy_1096_1601731698|Of ja, eigenlijk alles wel, haha!
nl_rhasspy_470_1602170544|Het zou eigenlijk niet nodig moeten zijn.
nl_rhasspy_18_1602428011|Rietje erin en genieten maar.
nl_rhasspy_539_1602084392|Een aanwinst voor uw zaak!
nl_rhasspy_379_1602255716|Sluit Jezus niet op in de hemel!
nl_rhasspy_505_1602170053|Ga dan voor een vakantiebaan in Ede!
nl_rhasspy_460_1602170666|Waar zit nu die etiquette?
nl_rhasspy_690_1602007219|Ik doe eigenlijk van alles in de winkel.
nl_rhasspy_295_1602309635|En dat voor een schijntje.
nl_rhasspy_582_1602083788|Hoe wij dit bereiken, leest u op deze pagina.
nl_rhasspy_175_1602334138|Ik was bijvoorbeeld moe aan het einde van de dag.
nl_rhasspy_656_1602007733|Heus ik kijk echt uit om iedereen terug te zien.
nl_rhasspy_900_1601890645|Niet eens moe ging ik naar huis.
nl_rhasspy_324_1602256458|Zorgen dat jij lekker in je vel zit.
nl_rhasspy_528_1602084524|Oud worden moet tenslotte wel leuk zijn.
nl_rhasspy_293_1602309671|Daar was ze te zenuwachtig voor.
nl_rhasspy_238_1602310578|Ik had er voor de eerste pauze geen last van.
nl_rhasspy_609_1602083378|Dat u uw mening laat horen.
nl_rhasspy_215_1602310927|Daar zijn ze nog lang niet van mij af.
nl_rhasspy_843_1601891442|Neem contact op voor meer informatie over de mouterij!
nl_rhasspy_570_1602083988|Van scheuren in de wand valt iets leren.
nl_rhasspy_694_1602007180|Geen zin om mee uit te gaan.
nl_rhasspy_893_1601890739|Welkom in Italië.
nl_rhasspy_1042_1601732693|Hier wordt van alles verkocht.
nl_rhasspy_1150_1601730469|Ideaal voor wie eens zonder kinderen op vakantie wil.
nl_rhasspy_663_1602007618|Ze zijn niet uw eigendom.
nl_rhasspy_131_1602335819|Ik geloof dat ik eindelijk in de overgang ben.
nl_rhasspy_552_1602084224|Bijna met mijn mama op vakantie.
nl_rhasspy_485_1602170260|Dan komt de figuur in beweging.
nl_rhasspy_288_1602309753|En dat doen ze nogal gretig.
nl_rhasspy_957_1601818583|En wat is dan zo urgent dat aanscherping nodig is?
nl_rhasspy_405_1602255343|Daar hebben ze Europa niet voor nodig.
nl_rhasspy_397_1602255463|Dan mis je net de golf.
nl_rhasspy_337_1602256295|Ze zijn niet echt schuw.
nl_rhasspy_804_1601901954|Loop maar eens in een flink tempo vijf keer de trap op en af.
nl_rhasspy_831_1601891621|Na-apen is ook leuk.
nl_rhasspy_987_1601818027|Jong, oud, man of vrouw, iedereen is welkom.
nl_rhasspy_955_1601818610|Maar ik denk dat je wel een zakje voor de soep kunt gebruiken hoor.
nl_rhasspy_352_1602256083|Je hebt van die mensen die eeuwig jong blijven.
nl_rhasspy_538_1602084402|Focus daar je verhaal op.
nl_rhasspy_559_1602084134|Maar nu zijn we best wel moe eigenlijk.
nl_rhasspy_845_1601891419|Alleen God kan dat doen.
nl_rhasspy_51_1602427562|Ben jij per direct beschikbaar?
nl_rhasspy_716_1602006863|Eenvoudig zelf te maken, je moet alleen wat geduld hebben.
nl_rhasspy_586_1602083740|Je hebt nog mazzel gehad met dat treinverkeer.
nl_rhasspy_1011_1601817654|Toch wil je niet te veel andere mensen na-apen.
nl_rhasspy_886_1601890817|Dat doet de gemiddelde Duitse herder hem niet na!
nl_rhasspy_387_1602255603|Je kan aangifte doen bij politie of parket.
nl_rhasspy_430_1602171142|En dan nu uw vragen.
nl_rhasspy_802_1601901984|Is het vrijdag, zaterdag of zondag?
nl_rhasspy_299_1602309547|Eigenlijk had ik meer verwacht van dit boek.
nl_rhasspy_294_1602309657|Je bent hier primair verantwoordelijk voor.
nl_rhasspy_1115_1601731333|Wij gaan graag het gesprek met je aan.
nl_rhasspy_530_1602084478|Meer weten over dit initiatief?
nl_rhasspy_58_1602427445|Erg veel muziek en karaoke tot's morgens vroeg.
nl_rhasspy_1041_1601732709|Die kan verdwijnen, maar als het niet goed leeg is, vult het zich opnieuw.
nl_rhasspy_561_1602084100|De abdij staat te koop.
nl_rhasspy_331_1602256366|Ideaal voor mama en kind.
nl_rhasspy_1085_1601731918|Heel handig en representatief als u als bedrijf dat kan aantonen.
nl_rhasspy_141_1602335603|Ik ben Roos en negen jaar.
nl_rhasspy_396_1602255485|Lokaal ontstaat een licht buitje.
nl_rhasspy_210_1602333635|Er komt een tsunami van data over ons heen.
nl_rhasspy_455_1602170780|Voor altviool en piano of orgel. Niet voor bugel.
nl_rhasspy_866_1601891104|Zo ja, wat kan ik er tegen doen?
nl_rhasspy_834_1601891580|Oeps, twaalf jaar?
nl_rhasspy_636_1602008042|Ziet er wel heel erg grappig uit.
nl_rhasspy_951_1601818664|Kies op welke manier en hoe snel!
nl_rhasspy_723_1602006755|Of ken jij collega’s die hier actief mee bezig zijn?
nl_rhasspy_28_1602427899|Je kunt ook erg moe zijn, ja zelfs afgepeigerd.
nl_rhasspy_478_1602170391|Hij valt dus mooi over een tweepersoonsbed.
nl_rhasspy_872_1601891023|Ik mag ook al mee lekker wandelen naar het park en langs de rivier.
nl_rhasspy_1118_1601731274|Basisschool de Duif, daar kom je verder mee!
nl_rhasspy_683_1602007313|Deze kerk is verbluffend.
nl_rhasspy_462_1602170644|Neem de hele ui weg.
nl_rhasspy_177_1602334123|Dan zit je op deze pagina helemaal goed!
nl_rhasspy_97_1602426846|Ieder seizoen heeft zijn eigen schoonheid en geeft de streek haar eigen aanblik.
nl_rhasspy_510_1602170004|Iedere situatie en ieder kind is uniek.
nl_rhasspy_1022_1601817442|Leuk om te zien hoe men leeft.
nl_rhasspy_997_1601817875|Kunt u iets niet vinden of heeft u vragen?
nl_rhasspy_946_1601818954|Vereenvoudiging is een normaal proces voor talen.
nl_rhasspy_922_1601890278|Knus en gezellig in de loungeset.
nl_rhasspy_1045_1601732625|Nu wist echter de hele buurt het.
nl_rhasspy_589_1602083702|Kies dan voor een hoger abonnement.
nl_rhasspy_967_1601818413|U vindt bij ons wat u zoekt.
nl_rhasspy_708_1602006979|Sufheid kan optreden.
nl_rhasspy_757_1601902617|Mooi duurzaam meubilair is niet lelijk!
nl_rhasspy_407_1602255309|Geef eerlijk antwoord op deze vragen.
nl_rhasspy_715_1602006878|Aanpassen is een must.
nl_rhasspy_994_1601817915|Religie speelt geen grote rol in zijn leven.
nl_rhasspy_529_1602084495|Degene die dat doet, hoef ik er niet op aan te spreken omdat die man niet aanspreekbaar is.
nl_rhasspy_924_1601890240|Sluit de USB-kabel goed aan.
nl_rhasspy_825_1601901648|Er is nog een andere reden om over de voetgangersbrug te gaan.
nl_rhasspy_1117_1601731289|Wat is de overgang eigenlijk?
nl_rhasspy_1151_1601730455|Ja, vind je het gek dat je honger hebt?
nl_rhasspy_1132_1601730874|Hij maakt vrienden en is sociaal.
nl_rhasspy_129_1602335843|Je lichaam heeft zuurstof nodig.
nl_rhasspy_944_1601818993|Het is een thee die ik de hele dag door zou kunnen drinken.
nl_rhasspy_697_1602007140|We moeten van data eigenlijk direct informatie maken.
nl_rhasspy_93_1602426903|Dan kunnen wij je helpen.
nl_rhasspy_941_1601819030|En tijd voor mij.
nl_rhasspy_240_1602310553|Dan buig ik me over je heen.
nl_rhasspy_14_1602428062|En hoe oud kan een goudvis worden?
nl_rhasspy_565_1602084063|Ik denk na over eten.
nl_rhasspy_184_1602334021|Ik heb me altijd geuit zoals ik ben.
nl_rhasspy_3_1602428193|Ik hoop dat mijn pagina u helpt!
nl_rhasspy_916_1601890407|Ik was immers nog nooit in Zweden.
nl_rhasspy_308_1602309314|Laat jij iets van je horen wanneer je in Maastricht bent?
nl_rhasspy_717_1602006846|Altijd leuk om te lezen hoe het met jullie gaat.
nl_rhasspy_1131_1601730902|Dan zit je op de goede pagina!
nl_rhasspy_686_1602007277|Ik eet graag chocola.
nl_rhasspy_150_1602335482|Daar lieten wij erg veel steken vallen.
nl_rhasspy_1086_1601731908|Tot dit seizoen.
nl_rhasspy_1108_1601731481|Vandaag stond de speurtocht op het programma.
nl_rhasspy_1008_1601817713|Zorg dat je huis er netjes bij staat.
nl_rhasspy_1037_1601732773|Het is vrij eenvoudig om te spelen.
nl_rhasspy_484_1602170271|Je hebt daar veel steun aan.
nl_rhasspy_359_1602255985|Oei oei oei, mooi plan.
nl_rhasspy_1028_1601817298|Iedereen zit binnen en jij loopt door die regen.
nl_rhasspy_384_1602255653|Je kunt onder de vloer, die ligt open.
nl_rhasspy_1127_1601730988|Nee, we dachten van niet.
nl_rhasspy_514_1602169949|De oerknal zullen we daar echter niet vinden.
nl_rhasspy_431_1602171130|Je kan twee antwoorden aankruisen.
nl_rhasspy_101_1602426792|De tekst van de verklaring moet dan worden aangepast.
nl_rhasspy_840_1601891488|Zodra ik meer heb dan laat ik je dat weten.
nl_rhasspy_281_1602309875|Nee, je kunt niets kopiëren.
nl_rhasspy_774_1601902396|Niet zo janken.
nl_rhasspy_1035_1601732822|Hij schreef de toespraak voor De Geus.
nl_rhasspy_729_1601902998|Het kan moeilijk zijn om daar mee om te gaan.
nl_rhasspy_988_1601818015|Ze zijn daar heel handig mee!
nl_rhasspy_887_1601890808|Nu jullie nog.
nl_rhasspy_627_1602083120|Bestel hier uw papieren abonnement.
nl_rhasspy_873_1601890988|Dat kwam in het programma goed tot uiting.
nl_rhasspy_329_1602256394|Voor mij de job van mijn leven.
nl_rhasspy_152_1602335435|Zou best kunnen, denk ik.
nl_rhasspy_202_1602333743|Specialist in creëren en renoveren.
nl_rhasspy_427_1602171176|Een sauna en fietsverhuur zijn beschikbaar.
nl_rhasspy_911_1601890477|Het spelbord wordt open gelegd.
nl_rhasspy_688_1602007256|Terwijl men zes euro rekent.
nl_rhasspy_120_1602335976|De eerste keer hardlopen kan ik mij nog goed herinneren.
nl_rhasspy_743_1601902817|Wij kunnen dan altijd je bestelling aanpassen of annuleren.
nl_rhasspy_958_1601818565|Om met de deur in huis te vallen: nee, eigenlijk kan dat niet.
nl_rhasspy_1114_1601731346|Niet veel minder dan in het dorp Ede zelf.
nl_rhasspy_53_1602427528|Ook binnen een gezin doet elk kind dat op zijn eigen manier.
nl_rhasspy_566_1602084053|Het was zijn eigen schuld.
nl_rhasspy_616_1602083275|Een rijkdom, die zoals alle rijkdom relatief is.
nl_rhasspy_265_1602310114|De mensen van wie de oren gewassen worden.
nl_rhasspy_145_1602335549|Kwalitatief netjes, afwerking netjes, geen kritiek hier.
nl_rhasspy_37_1602427785|De Afsluitdijk is bijna klaar.
nl_rhasspy_921_1601890295|Bij betaling worden deze stilzwijgend aanvaard.
nl_rhasspy_117_1602336015|Laat Bo niet in de kou staan.
nl_rhasspy_785_1601902242|Dank voor de goede organisatie.
nl_rhasspy_346_1602256155|Groeten aan u en uw familie!
nl_rhasspy_122_1602335935|De loonkost in België ligt hoog!
nl_rhasspy_1060_1601732349|Kinderen en jeugdigen.
nl_rhasspy_170_1602334231|Wat vind jij van deze ringetjes?
nl_rhasspy_703_1602007071|Doe je mee?
nl_rhasspy_699_1602007115|Of gewoon bestel nu.
nl_rhasspy_833_1601891589|Hoe absurd kan het zijn.
nl_rhasspy_406_1602255324|Immers, de liefde zou leuk en spannend zijn!
nl_rhasspy_1129_1601730960|Mijn kind is zo anders dan ik toen ik zo oud was.
nl_rhasspy_1158_1601730328|Ja, en niet een paar ook!
nl_rhasspy_666_1602007575|Wij werken hem graag voor u uit.
nl_rhasspy_254_1602310308|Moet uw dak vervangen worden?
nl_rhasspy_205_1602333707|Dat is eigenlijk dubbel op.
nl_rhasspy_909_1601890504|In Zuid-Amerika is altijd wat te doen!
nl_rhasspy_137_1602335748|Bijvoorbeeld van toen ze nog een tienermeisje was.
nl_rhasspy_859_1601891200|Mijn vader is zeer op haar gesteld.
nl_rhasspy_13_1602428076|Dan komt dat veen aan de rand van de geul bloot.
nl_rhasspy_1128_1601730977|Waarom kun je?
nl_rhasspy_722_1602006769|Dit helpt het vaartuig uiteindelijk vooruit.
nl_rhasspy_241_1602310524|Ik zie er moe uit.
nl_rhasspy_555_1602084186|Nee, u kunt direct beginnen!
nl_rhasspy_373_1602255789|Ik kan hier nog uren over doorgaan.
nl_rhasspy_907_1601890526|Gaat u voor een wandelvakantie?
nl_rhasspy_2_1602428205|In andere straten is deze naam niet te vinden.
nl_rhasspy_236_1602310629|Want ik weet dat Roger veel verhalen heeft.
nl_rhasspy_1004_1601817762|En dan nog een zeer klein katje.
nl_rhasspy_605_1602083479|Ik leg het u uit.
nl_rhasspy_610_1602083364|Je doet het goed en bent sterk en moedig.
nl_rhasspy_989_1601817985|Hij geeft me opnieuw het zakje aan.
nl_rhasspy_547_1602084282|Af en toe eet je iets omdat je het lekker vindt.
nl_rhasspy_279_1602309897|Tegelijk werd de naam van de club aangepast.
nl_rhasspy_143_1602335575|Het is een weekdag vandaag.
nl_rhasspy_4_1602428183|Nee joh, die van mij niet.
nl_rhasspy_75_1602427184|Je kan dan een idee uit je buurt steunen.
nl_rhasspy_382_1602255683|Dus ja, eigenlijk al best lang.
nl_rhasspy_320_1602256514|De vele aaitjes vond ze prachtig.
nl_rhasspy_361_1602255974|Maar dan moet die data er wel zijn.
nl_rhasspy_823_1601901679|We hopen dat ze nog lang bij onze fanfare muziek blijven maken.
nl_rhasspy_862_1601891158|Mijn geheugen laat me een beetje in de steek, geloof ik.
nl_rhasspy_1073_1601732122|Dé plek om een tweedehands boot te verkopen.
nl_rhasspy_621_1602083205|In de brief staat hoe u dat kunt doen.
nl_rhasspy_1144_1601730641|U kunt de verzekering in één keer afsluiten voor het hele gezin.
nl_rhasspy_835_1601891568|De zelfgemaakte soep was geweldig.
nl_rhasspy_1154_1601730403|Gij zegt het: ik heb U lief Heer!
nl_rhasspy_1046_1601732615|Wie oren heeft, die hore!
nl_rhasspy_712_1602006926|Ze huren nu een aanleunwoning.
nl_rhasspy_698_1602007125|Evenmin verdwijnen zij automatisch.
nl_rhasspy_899_1601890658|Eindhoven zal wezen, Eindhoven zal zijn!
nl_rhasspy_416_1602171331|Kunt u uw auto eigenlijk niet missen?
nl_rhasspy_786_1601902221|Hij is een ware specialist.
nl_rhasspy_993_1601817929|Niet te lang stilstaan, het is koud.
nl_rhasspy_641_1602007950|Zo eerlijk bent u wel.
nl_rhasspy_948_1601818705|Echt een heel mooi moment met een heel leuk verhaal!
nl_rhasspy_574_1602083922|Laat uw licht dus schijnen in mijn duisternis.
nl_rhasspy_1130_1601730931|Ook zonder over te hevelen vindt er een nagisting plaats.
nl_rhasspy_247_1602310428|Aan deze pagina wordt nog gewerkt.
nl_rhasspy_1074_1601732107|Gebruik van een neologisme.
nl_rhasspy_401_1602255402|Wij wachten op uw antwoord!
nl_rhasspy_837_1601891531|De stad is al zo oud.
nl_rhasspy_1165_1601729988|Goed laten afkoelen.
nl_rhasspy_179_1602334096|Mensen die er komen om zich religieus te laten vermaken.
nl_rhasspy_830_1601891633|Tim is niet moe, maar heeft het ook wel gehad.
nl_rhasspy_749_1601902725|Zij helpen u graag met al uw vragen, zodat u snel verder kunt.
nl_rhasspy_300_1602309536|Je bent te moe of te druk.
nl_rhasspy_486_1602170245|Of je nu jong, oud, dik of dun bent.
nl_rhasspy_88_1602426962|Kortom een woning uniek in zijn soort.
nl_rhasspy_1106_1601731512|Ik was moe.
nl_rhasspy_87_1602427039|Er is reuring en schwung nodig.
nl_rhasspy_413_1602255208|Zolang Focus leeft kan het immers altijd beter.'
nl_rhasspy_115_1602336039|Grappig man, in het Deens.
nl_rhasspy_43_1602427690|Hij weet zeker dat de Ierse republiek neutraal is.
nl_rhasspy_1031_1601732888|Wat kun je jezelf toch in de maling nemen.
nl_rhasspy_336_1602256306|Dan is de giraf iets voor u.
nl_rhasspy_34_1602427834|En nu is er een eerste pagina, een begin.
nl_rhasspy_218_1602310877|Ede is partner binnen dit project.
nl_rhasspy_33_1602427848|Waarom zou je het doen?
nl_rhasspy_105_1602426666|De dame van de bar vroeg vijf euro.
nl_rhasspy_771_1601902419|En maak jij ook wel eens muesli?
nl_rhasspy_452_1602170827|In dit scherm kunt u meteen de beoordeling aangeven.
nl_rhasspy_822_1601901696|Zo heeft uw kind het nooit te koud.
nl_rhasspy_12_1602428090|Dat zou ik niet zoeken.
nl_rhasspy_812_1601901818|Om uit te vinden en opnieuw uit te vinden.
nl_rhasspy_905_1601890559|Waarom woon je in een boom en niet in een wolkenkrabber?
nl_rhasspy_269_1602310053|Jezus is gekwetst en laat dat zien.
nl_rhasspy_302_1602309513|Het is gemakkelijk te bereiken.
nl_rhasspy_290_1602309725|Dat je er slecht van zou gaan zien?
nl_rhasspy_1066_1601732245|Die nacht sliep Jezus niet.
nl_rhasspy_677_1602007391|Een likdoorn op uw tenen?
nl_rhasspy_897_1601890684|Mijn voorkeur gaat absoluut uit naar een dame die wel een gesprek kan voeren.
nl_rhasspy_1152_1601730440|Maar je bent te lui om over te stappen.
nl_rhasspy_1161_1601730094|Een feest voor wie iets te vieren heeft.
nl_rhasspy_598_1602083570|Na een klein half uur zit je dan al in de bossen.
nl_rhasspy_96_1602426867|En ben jij ook nog eens fit?
nl_rhasspy_1135_1601730782|Lekker als tussendoortje, maar ook handig om mee te nemen naar je werk!
nl_rhasspy_680_1602007356|Wauw één jaar!
nl_rhasspy_91_1602426925|Dan komt de melding uiteindelijk bij de politie terecht.
nl_rhasspy_671_1602007485|Het is waar u behoefte aan hebt.
nl_rhasspy_952_1601818652|U weet meteen waar u aan toe bent.
nl_rhasspy_1113_1601731361|Dit heet 'in verzekering stellen'.
nl_rhasspy_982_1601818136|Wat is een boom eigenlijk?
nl_rhasspy_807_1601901917|Creatief om zo met het team bezig te zijn.
nl_rhasspy_651_1602007808|Het gaat er niet om wat een verkoper zelf bijzonder vindt aan de woning.
nl_rhasspy_328_1602256411|Mag ik je e-mail hebben?
nl_rhasspy_20_1602427982|Conciërge moet een saaie baan zijn.
nl_rhasspy_291_1602309701|Advent is de tijd van kerstliedjes.
nl_rhasspy_817_1601901753|Ah daar ben je dan.
nl_rhasspy_149_1602335495|Hoe ontstaat pijn tijdens de bevalling?
nl_rhasspy_59_1602427423|Zorg voor koffie, thee en iets lekkers dat je kan oppeuzelen.
nl_rhasspy_546_1602084295|Een verhaaltje over de kinderen.
nl_rhasspy_940_1601819045|Ze zeuren zo vaak, en de laatste tijd maken we er zelfs ruzie over.
nl_rhasspy_182_1602334049|De voering is gemaakt van textiel.
nl_rhasspy_720_1602006798|De koffie staat altijd voor u klaar.
nl_rhasspy_571_1602083966|Je leest er meer over in dit artikel.
nl_rhasspy_777_1601902352|Ik heb een schuld.
nl_rhasspy_1169_1601729868|Voor hen is het seminar echter niet verplicht.
nl_rhasspy_1044_1601732651|Verder goed hotel: mooi zwembad en vriendelijk.
nl_rhasspy_267_1602310089|Zie Ierland, Griekenland en Portugal.
nl_rhasspy_363_1602255949|Zoek de vrouw uit de hoofdstad van Afghanistan.
nl_rhasspy_481_1602170324|Geen ruzie met de lampjes en alleen rode kerstversiering.
nl_rhasspy_978_1601818194|Altijd een moe gevoel?
nl_rhasspy_1098_1601731662|Deze zijn immers gericht op het verzamelen van controle en macht.
nl_rhasspy_648_1602007858|Maar dan wou hij wel informatie hebben.
nl_rhasspy_187_1602333964|Dit is op loopafstand van Station Alkmaar.
nl_rhasspy_108_1602336125|Er komt geen nieuwe functionaliteit beschikbaar.
nl_rhasspy_62_1602427387|Wie ben jij en waar sta jij voor?
nl_rhasspy_67_1602427335|Dat zijn mensen in beweging, jij zit op dat moment in stilte.
nl_rhasspy_81_1602427122|Ik vind je buik prachtig!
nl_rhasspy_495_1602170180|En kocht u een andere klapstoel?
nl_rhasspy_1005_1601817748|Niet super, best aardig.
nl_rhasspy_368_1602255878|De kleuren kunnen wij u tonen in de winkel.
nl_rhasspy_371_1602255836|Je kunt niet alles onder controle hebben.
nl_rhasspy_769_1601902438|Bent u wat later?
nl_rhasspy_562_1602084086|Zorg ervoor dat uw auto u niet in de kou laat staan!
nl_rhasspy_383_1602255672|Bij gemeenten werkt dat anders.
nl_rhasspy_629_1602008150|Hoe kan je dat gezicht zien zonder mededogen en zelfs liefde te voelen?
nl_rhasspy_260_1602310192|Het geeft een aangenaam gevoel van gladheid.
nl_rhasspy_602_1602083516|Je mag komen zoals je bent.
nl_rhasspy_249_1602310399|Welk wapen is daar tegen bestand?
nl_rhasspy_42_1602427704|Nu bent u aan zet.
nl_rhasspy_1056_1601732418|Inderdaad, buiten de woonkern.
nl_rhasspy_106_1602426653|Hierin zijn wij dé specialist.
nl_rhasspy_882_1601890866|Hoe bijzonder wil je het hebben?
nl_rhasspy_162_1602334330|Hoe erg zal die zijn?
nl_rhasspy_556_1602084173|Wij willen dat mama altijd bij ons is.
nl_rhasspy_504_1602170078|Maar weet je niet meer van wie?
nl_rhasspy_597_1602083586|Dat zou uniek zijn in de geschiedenis van de Senaat.
nl_rhasspy_1134_1601730844|Een verbluffend lekker glas!
nl_rhasspy_797_1601902055|Dan hebben wij dé plek voor je!
nl_rhasspy_63_1602427376|Hallo eerste week van september!
nl_rhasspy_707_1602007009|Schitterend zo op het dak van Noorwegen te staan!
nl_rhasspy_258_1602310225|Vuurwerk kan bij dieren voor veel spanning zorgen.
nl_rhasspy_999_1601817827|Wie o wie kan ons helpen?
nl_rhasspy_791_1601902149|Als het goed gaat, maak je een mooi rendement.
nl_rhasspy_414_1602255147|Hebben die lui er nog zin in?
nl_rhasspy_1059_1601732360|Pas als alles geautomatiseerd in bestelling is gezet moet u aan het werk.
nl_rhasspy_1155_1601730375|Eigendom mag van de commissie.
nl_rhasspy_142_1602335587|Moet ik me nu echt slecht voelen?
nl_rhasspy_618_1602083237|De verf laat zich gemakkelijk verwerken.
nl_rhasspy_446_1602170919|En dan nog de vraag waarom.
nl_rhasspy_1083_1601731954|Commercieel gebruik van deze gegevens is niet toegestaan.
nl_rhasspy_1010_1601817669|Wie o wie gaat er winnen, en welke weg gaan ze nemen?
nl_rhasspy_362_1602255963|Het zou een concept kunnen zijn.
nl_rhasspy_244_1602310470|Daar kun jij je bijdrage aan leveren!
nl_rhasspy_1094_1601731746|Ga toch fietsen.
nl_rhasspy_990_1601817973|Ik was eigenlijk te jong om mee te doen.
nl_rhasspy_684_1602007299|Ga eens buikdansen om in je lichaam te komen.
nl_rhasspy_839_1601891502|Zoekend naar troost. Wie troost mij?
nl_rhasspy_442_1602170991|Zijn dat er nu echt zo veel?
nl_rhasspy_787_1601902201|Ben je moe of heb je honger?
nl_rhasspy_1002_1601817789|De hond is ook welkom. We hebben ervaring met asielhonden.
nl_rhasspy_8_1602428130|Deze vinden plaats na zeven uur.
nl_rhasspy_728_1602006685|Ik wil dat ze gewoon na elkaar gebeuren.
nl_rhasspy_790_1601902169|Zie trouwens de pagina 'Waar zijn we nu?'
nl_rhasspy_45_1602427628|Haal ze van me af, haal ze van me af!
nl_rhasspy_221_1602310841|Hoe alles geworden is, is echt fantastisch!
nl_rhasspy_747_1601902761|Sluit nauw aan.
nl_rhasspy_968_1601818398|Als dit op uw nieuwe aanslag staat hoeft u verder niets te doen.
nl_rhasspy_229_1602310734|Ze kunnen niet voor u eten.
nl_rhasspy_237_1602310606|Hele foute verhalen over jezelf gesignaleerd?
nl_rhasspy_657_1602007721|Als je toch bezig bent?
nl_rhasspy_209_1602333650|En ik ben ook journaliste.
nl_rhasspy_335_1602256316|De Muur hielp niet in Berlijn.
nl_rhasspy_848_1601891378|Maar het is wel erg mooi!
nl_rhasspy_283_1602309835|Dit keer was die afgesloten.
nl_rhasspy_1104_1601731545|Meer nog het is een misdaad tegen het leven.
nl_rhasspy_123_1602335923|Ieder draagt zijn eigen bagage.
nl_rhasspy_278_1602309912|Elk eigendom zijn uniek verhaal.
